GROUP,PACKAGE,CLASS,INSTRUCTION_MISSED,INSTRUCTION_COVERED,BRANCH_MISSED,BRANCH_COVERED,LINE_MISSED,LINE_COVERED,COMPLEXITY_MISSED,COMPLEXITY_COVERED,METHOD_MISSED,METHOD_COVERED
matt-ims,com.qa.ims.controller,ItemController,3,107,0,2,1,29,1,7,1,6
matt-ims,com.qa.ims.controller,Action,119,0,4,0,19,0,7,0,5,0
matt-ims,com.qa.ims.controller,CustomerController,3,104,0,2,1,29,1,7,1,6
matt-ims,com.qa.ims.controller,OrderController,254,45,18,2,67,14,12,5,3,4
matt-ims,com.qa.ims,IMS,165,0,13,0,47,0,14,0,4,0
matt-ims,com.qa.ims,Runner,13,0,0,0,5,0,3,0,3,0
matt-ims,com.qa.ims.persistence.dao,ItemDaoMysql,64,184,0,2,23,38,0,10,0,9
matt-ims,com.qa.ims.persistence.dao,OrderDaoMysql,534,36,12,0,118,8,15,3,9,3
matt-ims,com.qa.ims.persistence.dao,CustomerDaoMysql,65,183,0,2,23,38,0,10,0,9
matt-ims,com.qa.ims.services,ItemServices,0,28,0,0,0,8,0,5,0,5
matt-ims,com.qa.ims.services,OrderServices,0,28,0,0,0,8,0,5,0,5
matt-ims,com.qa.ims.services,CustomerServices,0,28,0,0,0,8,0,5,0,5
matt-ims,com.qa.ims.utils,DBUtils,26,72,3,3,4,16,2,6,0,5
matt-ims,com.qa.ims.utils,Utils,21,0,2,0,7,0,4,0,3,0
matt-ims,com.qa.ims.persistence.domain,Order,11,323,7,23,5,90,6,42,0,33
matt-ims,com.qa.ims.persistence.domain,Domain,34,71,2,0,9,8,3,3,2,3
matt-ims,com.qa.ims.persistence.domain,Item,0,177,0,30,0,48,0,26,0,11
matt-ims,com.qa.ims.persistence.domain,Customer,0,176,0,30,0,48,0,26,0,11
